{"mean":{"confidence_interval":{"confidence_level":0.95,"lower_bound":1049095582.0,"upper_bound":1146941200.0},"point_estimate":1098451300.0,"standard_error":32091812.912301913},"median":{"confidence_interval":{"confidence_level":0.95,"lower_bound":1041455300.0,"upper_bound":1097498028.1249998},"point_estimate":1058059900.0,"standard_error":14093845.27194606},"median_abs_dev":{"confidence_interval":{"confidence_level":0.95,"lower_bound":899419.2740321159,"upper_bound":55614690.68626687},"point_estimate":24629840.322732925,"standard_error":16383594.732353099},"slope":null,"std_dev":{"confidence_interval":{"confidence_level":0.95,"lower_bound":10904329.399777256,"upper_bound":151777355.98297292},"point_estimate":112459598.20344865,"standard_error":51792631.33724498}}