{"mean":{"confidence_interval":{"confidence_level":0.95,"lower_bound":109489648.45502646,"upper_bound":130967994.42539681},"point_estimate":120523022.51455025,"standard_error":5338904.15191344},"median":{"confidence_interval":{"confidence_level":0.95,"lower_bound":109081072.22222222,"upper_bound":125105133.33333333},"point_estimate":116790639.58333333,"standard_error":4175397.432947096},"median_abs_dev":{"confidence_interval":{"confidence_level":0.95,"lower_bound":2047043.904324375,"upper_bound":23164316.33152896},"point_estimate":12453726.318818819,"standard_error":5049562.841183632},"slope":{"confidence_interval":{"confidence_level":0.95,"lower_bound":106040610.49196787,"upper_bound":123748165.4431875},"point_estimate":110941128.91774891,"standard_error":4188946.8068158035},"std_dev":{"confidence_interval":{"confidence_level":0.95,"lower_bound":5170712.553308963,"upper_bound":23395986.407974355},"point_estimate":17524674.340452656,"standard_error":4817866.226143519}}